URL,Source,Author,Content Types,Source specific format,Date,Text,Title,Engagement,Reactions,Likes,Comments,Reposts,Views
https://twitter.com/acedoesthings/status/2047888290766840111,twitter.com,Lexi 🏳️‍⚧️,Text,,24.04.2026,"You should watch it! The animation it’s a banger! 🔥
Season 3 of Helluva Boss is so big, it needed two parts. Part one this fall and part two in 2027.",,0,,,,,
https://twitter.com/Concepti1Steven/status/2047888293086548191,twitter.com,Mr. Average guy,"Image,Text",,24.04.2026,First trailer for ‘HELLUVA BOSS’ Season 3 will release at the LVL UP EXPO tomorrow.,,0,,,,,
https://twitter.com/NajibJamai0ai/status/2047888267874304125,twitter.com,Najib Jama,"Video,Text",,24.04.2026,"after seeing “look my way” bro i actually believe her
‘HELLUVA BOSS’ creator Vivienne Medrano says Season 3 has some of the best animation she has seen in her life.

“This season... I’m bias but it looks better than half the show on tv.”",,0,,,,,
https://twitter.com/Nurinaki/status/2047888265697763467,twitter.com,Nurinaki,"Image,Text",,24.04.2026,"Guys, I'm going on a trip this weekend so I won't be able to draw until Monday 🥹😭, I could only make this beautiful Stolas while I'm gone 🥹✨ 🌸

#Stolas #Helluvaboss #Helluvabossseason3 yeiii✨",,0,,,,,
https://www.youtube.com/watch?v=R8wuhG1YzL0,youtube.com,SrtaCarolinaa_edits,"Text,Video",,24.04.2026,,""" Stolas&Vassago - Helluva Boss "" #edit #helluvaboss #stolas #vassago #capcup #fyp #shorts #blitzo",2133,2113,2113,20,,26408
https://twitter.com/Hazeringn/status/2047888212790489142,twitter.com,. ⟢ 𝐡α𝑧𝑒 ˘,Text,,24.04.2026,"If Octavia is being forced into the same fate as her mother by the hand of Andrealphus, forced to be married off and give birth at 18, thats so heartbreaking. Could be a tragic way to explore her asexuality in canon, too.
Octavia In Helluva Boss Season 3",,0,,,,,
https://www.youtube.com/watch?v=U9GILMC4ZLM,youtube.com,ZTORMANX,"Text,Video",,24.04.2026,"#videoreaccion #helluvaboss #amazonprime 
muy buenas amiguitos del alma ys hace un tiempo que no subo video y como no retomar que con una videoreaccion de la 3era temporada de helluva boss espero les guste y disfruten 
no olvides dejar en los comentarios si quieres ver un resumen de helluva boss o hazbin hotel para traer al canal 
Les recuerdo que la animación que ven en los outros del canal no me pertenece, le pertenece a Toonsite animation, yo solo huso la animación con musica de fondo de power rangers ninja storm para hacer el outro 
///////////////////////
MIS REDES:
FACEBOOK: https://www.facebook.com/ZtormanX-ZX-
INSTAGRAM: https://www.instagram.com/ztormanx/
TWITCH: https://www.twitch.tv/ztormanx
PROJECT Z: https://www.projz.com/s/u/ZTORMANX
y no olvides que
PERO SOBRE TODOD Y TAMBIEN POR SUPUESTO SUSCRIBETE
sin mas que decir yo soy ZtormanX y nos vemos hasta la proxima Chau",VIDEOREACCION Helluva Boss season 3/ by ZtormanX,3,3,3,,,70
https://twitter.com/rooakzxy/status/2047888153915064762,twitter.com,rovysz . 💋,"Image,Album,Text",,24.04.2026,"‘HELLUVA BOSS’ creator Vivienne Medrano says Season 3 has some of the best animation she has seen in her life.

“This season... I’m bias but it looks better than half the show on tv.”",,0,,,,,
https://twitter.com/LuffyTwit/status/2047888141315387765,twitter.com,Luffy needs books to read,"Video,Text",,24.04.2026,HELLUVA BOSS SEASON 3 TEASER - DATE ANNOUNCEMENT!!!,,0,,,,,
https://twitter.com/Hazeringn/status/2047888116531208465,twitter.com,. ⟢ 𝐡α𝑧𝑒 ˘,Text,,24.04.2026,"15 EPISODES?
I'M SORRY BUT IF HAZBIN COMES BACK WITH 8, I'M GONNA CRASH OUT
Season 3 of Helluva Boss is so big, it needed two parts. Part one this fall and part two in 2027.",,0,,,,,
https://twitter.com/MiguelD76634898/status/2047888094171418707,twitter.com,Miguel Doria,"Video,Text",,24.04.2026,"Season 3 of Helluva Boss is so big, it needed two parts. Part one this fall and part two in 2027.",,0,,,,,
https://twitter.com/jackman757/status/2047888079801778310,twitter.com,Jackman757,"Image,Text",,24.04.2026,Stolas in ‘HELLUVA BOSS’ Season 3.,,0,,,,,
https://twitter.com/RazzAppleMagic_/status/2047888068594581956,twitter.com,Razz ✨🍓hiatus,"Video,Text",,24.04.2026,HELLUVA BOSS SEASON 3 TEASER - DATE ANNOUNCEMENT!!!,,0,,,,,
https://twitter.com/Jades_Girl_97/status/2047888060994515085,twitter.com,Carolina_97,"Video,Text",,24.04.2026,"Season 3 of Helluva Boss is so big, it needed two parts. Part one this fall and part two in 2027.",,0,,,,,
https://twitter.com/Rikanmaz/status/2047887971714544037,twitter.com,Rouen Megaplex25,"Video,Text",,24.04.2026,"Season 3 of Helluva Boss is so big, it needed two parts. Part one this fall and part two in 2027.",,0,,,,,
